shape_id,shape_pt_lat,shape_pt_lon,shape_pt_sequence,shape_dist_traveled
4525_55,53.3562415591633,-6.25626078569516,1,0.0
4525_55,53.3561788153389,-6.25643676554346,2,13.641
4525_55,53.3557021,-6.2577742,3,117.302
4525_55,53.3556774,-6.2578436,4,122.678
4525_55,53.3556449,-6.257938,5,129.931
4525_55,53.3557391,-6.2580298,6,142.066
4525_55,53.3558395,-6.2581324,7,155.163
4525_55,53.3567871,-6.2591006,8,278.769
4525_55,53.3566677,-6.2592457,9,295.199
4525_55,53.3562669,-6.2600557,10,365.189
4525_55,53.3558125,-6.2609825,11,444.975
4525_55,53.355388,-6.2618935,12,521.863
4525_55,53.3552722,-6.262146,13,543.047
4525_55,53.3552137,-6.2622554,14,552.817
4525_55,53.3550272,-6.2626435,15,585.963
4525_55,53.3549148,-6.2628465,16,604.381
4525_55,53.3546301,-6.2633446,17,650.251
4525_55,53.3546056,-6.2633927,18,654.457
4525_55,53.3545868,-6.2634297,19,657.689
4525_55,53.354535,-6.2635331,20,666.67
4525_55,53.3544599,-6.2634527,21,676.595
4525_55,53.3544247,-6.2634153,22,681.237
4525_55,53.354379,-6.2633409,23,688.338
4525_55,53.3541865,-6.2631125,24,714.611
4525_55,53.3540767,-6.2629794,25,729.707
4525_55,53.3540280069388,-6.26292751908982,26,736.134
4525_55,53.3540087,-6.2629068,27,738.687
4525_55,53.3534566,-6.2622538,28,813.962
4525_55,53.353385,-6.26217,29,823.69
4525_55,53.3531844,-6.2619296,30,851.162
4525_55,53.3531004,-6.2618361,31,862.394
4525_55,53.3529648531886,-6.26165944841757,32,881.524
4525_55,53.3528982,-6.2615723,33,890.943
4525_55,53.3527666,-6.2614439,34,907.902
4525_55,53.3527492,-6.261428,35,910.109
4525_55,53.3527071682263,-6.26140069687349,36,915.128
4525_55,53.3526872,-6.2613875,37,917.518
4525_55,53.3526504,-6.2613668,38,921.839
4525_55,53.3526119,-6.2613499,39,926.269
4525_55,53.352555,-6.2613445,40,932.612
4525_55,53.3524840993475,-6.26131193287849,41,940.795
4525_55,53.3524234,-6.2612838,42,947.806
4525_55,53.3523923,-6.2612724,43,951.349
4525_55,53.3522278,-6.2612001,44,970.28
4525_55,53.3520534,-6.2611234,45,990.35
4525_55,53.3519419,-6.2610744,46,1003.181
4525_55,53.351421,-6.2608416,47,1063.191
4525_55,53.3512563,-6.2607685,48,1082.157
4525_55,53.3506139182789,-6.26048365205754,49,1156.124
4525_55,53.3503787,-6.2603792,50,1183.21
4525_55,53.350219,-6.2603097,51,1201.577
4525_55,53.3498189,-6.260128,52,1247.72
4525_55,53.3490115,-6.2597827,53,1340.475
4525_55,53.3488709,-6.2597226,54,1356.626
4525_55,53.3486178,-6.259606,55,1385.846
4525_55,53.3485006,-6.2595533,56,1399.353
4525_55,53.3484454,-6.2595282,57,1405.72
4525_55,53.348415,-6.2595121,58,1409.269
4525_55,53.3483813,-6.2594958,59,1413.174
4525_55,53.3483466,-6.2594756,60,1417.263
4525_55,53.3481219,-6.2593648,61,1443.337
4525_55,53.3477467,-6.2591817,62,1486.838
4525_55,53.3476853,-6.2591517,63,1493.958
4525_55,53.3475905,-6.2591013,64,1505.03
4525_55,53.3474999,-6.2590532,65,1515.61
4525_55,53.3473129,-6.2589537,66,1537.451
4525_55,53.347248,-6.2589186,67,1545.043
4525_55,53.3471323,-6.2588576,68,1558.545
4525_55,53.3471061,-6.2588438,69,1561.603
4525_55,53.3470086,-6.258792,70,1572.989
4525_55,53.3469124,-6.2587358,71,1584.331
4525_55,53.3467806,-6.2586477,72,1600.129
4525_55,53.3467034,-6.2585335,73,1611.604
4525_55,53.3466455,-6.2584476,74,1620.221
4525_55,53.3465697,-6.2583354,75,1631.491
4525_55,53.3465089,-6.2582454,76,1640.53
4525_55,53.3463627,-6.2580289,77,1662.271
4525_55,53.3463086704278,-6.25794928564154,78,1670.288
4525_55,53.3462191,-6.2578166,79,1683.61
4525_55,53.3460397,-6.2575509,80,1710.289
4525_55,53.3460218,-6.2575246,81,1712.942
4525_55,53.3459014,-6.2573464,82,1730.842
4525_55,53.3458532,-6.2572963,83,1737.16
4525_55,53.3458214,-6.2572785,84,1740.892
4525_55,53.3457912,-6.2572721,85,1744.28
4525_55,53.3457487,-6.257284,86,1749.076
4525_55,53.3457101,-6.2573108,87,1753.728
4525_55,53.3456588,-6.2573757,88,1760.889
4525_55,53.3456107,-6.257516,89,1771.658
4525_55,53.3455594,-6.25775,90,1788.256
4525_55,53.3455086,-6.2579,91,1799.735
4525_55,53.3453218,-6.2584602,92,1842.447
4525_55,53.3452032,-6.2586704,93,1861.688
4525_55,53.3450327,-6.2589964,94,1890.524
4525_55,53.3449653,-6.2590981,95,1900.631
4525_55,53.3448434,-6.259227,96,1916.686
4525_55,53.3447707,-6.2592915,97,1925.846
4525_55,53.344684,-6.2593771,98,1937.054
4525_55,53.3444768,-6.2594674,99,1960.886
4525_55,53.3444255,-6.2594708,100,1966.599
4525_55,53.3443896,-6.259539,101,1972.649
4525_55,53.3443698,-6.2596047,102,1977.548
4525_55,53.3443286,-6.2598945,103,1997.387
4525_55,53.3443233,-6.2599525,104,2001.295
4525_55,53.3443083398604,-6.26017243917802,105,2016.038
4525_55,53.3442593,-6.2609009,106,2064.863
4525_55,53.3442643,-6.2611048,107,2078.455
4525_55,53.3442846,-6.2618465,108,2127.907
4525_55,53.3442638,-6.2621664,109,2149.339
4525_55,53.344246,-6.2624409,110,2167.729
4525_55,53.34424,-6.2626055,111,2178.712
4525_55,53.3442105,-6.2633393,112,2227.697
4525_55,53.3441935,-6.2637919,113,2257.901
4525_55,53.3441912,-6.26387,114,2263.109
4525_55,53.3441799,-6.2642787,115,2290.359
4525_55,53.3441775,-6.2644509,116,2301.832
4525_55,53.3441726,-6.2648459,117,2328.146
4525_55,53.3441795,-6.2659838,118,2403.939
4525_55,53.3441798,-6.2661186,119,2412.917
4525_55,53.3441788,-6.2662748,120,2423.321
4525_55,53.3441748,-6.2663678,121,2429.532
4525_55,53.3441647,-6.2666036,122,2445.277
4525_55,53.3441447,-6.2668658,123,2462.882
4525_55,53.3441351,-6.2669948,124,2471.54
4525_55,53.3441129,-6.2672337,125,2487.643
4525_55,53.3440579,-6.267646,126,2515.778
4525_55,53.344036,-6.2678501,127,2529.588
4525_55,53.3439962,-6.2680722,128,2545.03
4525_55,53.343941968023,-6.26833083815517,129,2563.284
4525_55,53.3438629,-6.2687093,130,2589.983
4525_55,53.3437265458254,-6.26942062802335,131,2639.732
4525_55,53.3436609,-6.2697638,132,2663.728
4525_55,53.3436173,-6.26996,133,2677.668
4525_55,53.3435842,-6.2700273,134,2683.47
4525_55,53.343572,-6.270052,135,2685.603
4525_55,53.3435197,-6.2700953,136,2692.099
4525_55,53.3434258,-6.2701456,137,2703.073
4525_55,53.3433374,-6.270204,138,2713.653
4525_55,53.3432592,-6.2702637,139,2723.221
4525_55,53.3432018,-6.2703649,140,2732.508
4525_55,53.3431669,-6.2704309,141,2738.374
4525_55,53.3431117,-6.2705743,142,2749.731
4525_55,53.3430802,-6.2707005,143,2758.838
4525_55,53.3430738,-6.2707474,144,2762.042
4525_55,53.3429902,-6.2709883,145,2780.59
4525_55,53.3429054,-6.2714076,146,2810.069
4525_55,53.3428935,-6.2714658,147,2814.166
4525_55,53.3428744,-6.2716361,148,2825.706
4525_55,53.3428701,-6.2717822,149,2835.449
4525_55,53.3428804,-6.2720247,150,2851.642
4525_55,53.342923,-6.2723064,151,2870.995
4525_55,53.343078,-6.2731005,152,2926.629
4525_55,53.343086068642,-6.27315227929819,153,2930.193
4525_55,53.3431931,-6.2738269,154,2976.678
4525_55,53.3432452,-6.2741552,155,2999.301
4525_55,53.3432825,-6.2745111,156,3023.367
4525_55,53.3432829,-6.2746088,157,3029.874
4525_55,53.3432804,-6.2747173,158,3037.106
4525_55,53.3432727,-6.2748756,159,3047.685
4525_55,53.3432208,-6.2752026,160,3070.218
4525_55,53.3431798,-6.2754554,161,3087.663
4525_55,53.3430802,-6.2759454,162,3122.131
4525_55,53.3430679,-6.2760296,163,3127.904
4525_55,53.3430668,-6.2761703,164,3137.276
4525_55,53.3429974322268,-6.27652265734362,165,3161.982
4525_55,53.3429533194429,-6.27674716804871,166,3177.722
4525_55,53.3429187,-6.2769237,167,3190.095
4525_55,53.3428815,-6.2771035,168,3202.766
4525_55,53.3428658,-6.2771805,169,3208.184
4525_55,53.3428228,-6.2774154,170,3224.546
4525_55,53.3428047,-6.2775367,171,3232.872
4525_55,53.3427956,-6.2776271,172,3238.978
4525_55,53.3427901,-6.2777499,173,3247.18
4525_55,53.3427853,-6.2779668,174,3261.637
4525_55,53.3427856,-6.278177,175,3275.638
4525_55,53.3427928,-6.2784979,176,3297.027
4525_55,53.3428129,-6.2791156,177,3338.231
4525_55,53.3428726,-6.2795578,178,3368.424
4525_55,53.3429186,-6.2798366,179,3387.687
4525_55,53.3429858,-6.2802443,180,3415.853
4525_55,53.3430472184375,-6.28054657695164,181,3437.115
4525_55,53.3430636383866,-6.28062728025778,182,3442.793
4525_55,53.3430972,-6.280792,183,3454.382
4525_55,53.3431612,-6.2811023,184,3476.243
4525_55,53.3431839,-6.281212,185,3483.974
4525_55,53.3432164,-6.2813603,186,3494.493
4525_55,53.3432444,-6.2815223,187,3505.725
4525_55,53.3432565,-6.2816428,188,3513.863
4525_55,53.3433051,-6.2821298,189,3546.748
4525_55,53.3433547,-6.2830145,190,3605.932
4525_55,53.3433938,-6.2837568,191,3655.564
4525_55,53.343425,-6.2842958,192,3691.632
4525_55,53.343448,-6.2845154,193,3706.481
4525_55,53.3434529,-6.2845799,194,3710.811
4525_55,53.3434801,-6.284856,195,3729.449
4525_55,53.3435233,-6.285423,196,3767.519
4525_55,53.3435287798254,-6.28550118097467,197,3772.762
4525_55,53.3435451506355,-6.28573304334093,198,3788.312
4525_55,53.3435623,-6.2859733,199,3804.428
4525_55,53.3435591,-6.2862805,200,3824.892
4525_55,53.3435404,-6.2866497,201,3849.571
4525_55,53.3435303,-6.2868824,202,3865.11
4525_55,53.3435258,-6.2869856,203,3872.002
4525_55,53.3435061,-6.2874423,204,3902.5
4525_55,53.3434988,-6.2875824,205,3911.867
4525_55,53.3434815,-6.2879175,206,3934.269
4525_55,53.3434731,-6.2881454,207,3949.477
4525_55,53.3434619,-6.2883533,208,3963.38
4525_55,53.3434565944631,-6.28846873644197,209,3971.092
4525_55,53.343445,-6.2887223,210,3988.03
4525_55,53.343429,-6.288927,211,4001.78
4525_55,53.343411210183,-6.28919365424623,212,4019.65
4525_55,53.3434006,-6.2893545,213,4030.428
4525_55,53.3433658,-6.2895512,214,4044.09
4525_55,53.3433517,-6.2896307,215,4049.613
4525_55,53.3433338,-6.2896959,216,4054.391
4525_55,53.3432784,-6.2899126,217,4070.086
4525_55,53.3432506,-6.2900292,218,4078.446
4525_55,53.3432122,-6.2901903,219,4089.996
4525_55,53.3431724,-6.2904124,220,4105.438
4525_55,53.3431395,-6.2905708,221,4116.606
4525_55,53.3430806,-6.290709,222,4127.906
4525_55,53.3430648,-6.2907906,223,4133.619
4525_55,53.3429838,-6.2912114,224,4163.06
4525_55,53.3428832,-6.2916679,225,4195.462
4525_55,53.3426968,-6.2925291,226,4256.46
4525_55,53.3425607,-6.2931669,227,4301.561
4525_55,53.3425492,-6.2932214,228,4305.41
4525_55,53.3425222,-6.2933431,229,4314.055
4525_55,53.3424796,-6.2935087,230,4326.061
4525_55,53.3424525737933,-6.29362948952518,231,4334.65
4525_55,53.3423877,-6.2938774,232,4352.673
4525_55,53.3423564,-6.294006,233,4361.919
4525_55,53.342353,-6.2941815,234,4373.615
4525_55,53.3422376865989,-6.2946190666983,235,4405.461
4525_55,53.3422099716771,-6.29472412739257,236,4413.108
4525_55,53.3421256,-6.2950447,237,4436.434
4525_55,53.341966,-6.2955287,238,4473.242
4525_55,53.3418953,-6.2957211,239,4488.28
4525_55,53.3418449,-6.2959328,240,4503.456
4525_55,53.3416325,-6.2969566,241,4575.63
4525_55,53.3415619,-6.2973326,242,4601.878
4525_55,53.3415084,-6.2975951,243,4620.349
4525_55,53.3414811,-6.297829,244,4636.222
4525_55,53.3414472,-6.2981404,245,4657.305
4525_55,53.3414279587655,-6.29835973908837,246,4672.071
4525_55,53.3414002,-6.2986782,247,4693.507
4525_55,53.3413361,-6.2992152,248,4729.98
4525_55,53.3413242,-6.2993145,249,4736.725
4525_55,53.3413038,-6.2994858,250,4748.359
4525_55,53.34114,-6.3004749,251,4816.718
4525_55,53.3411149,-6.3006497,252,4828.691
4525_55,53.341021,-6.3012675,253,4871.149
4525_55,53.3409361,-6.3018323,254,4909.938
4525_55,53.3408991,-6.3020782,255,4926.827
4525_55,53.3407841,-6.302843,256,4979.353
4525_55,53.340779,-6.3028816,257,4981.986
4525_55,53.3407229,-6.3033034,258,5010.768
4525_55,53.3407162,-6.3033536,259,5014.194
4525_55,53.3407083,-6.303444,260,5020.279
4525_55,53.3406936,-6.3036126,261,5031.628
4525_55,53.3407015,-6.3039017,262,5050.905
4525_55,53.3407274,-6.3042036,263,5071.22
4525_55,53.3407463,-6.3046673,264,5102.178
4525_55,53.3407206,-6.305383,265,5149.937
4525_55,53.3406988,-6.3059908,266,5190.495
4525_55,53.340688,-6.3062908,267,5210.514
4525_55,53.3406298,-6.3074437,268,5287.581
4525_55,53.3406317,-6.3076594,269,5301.95
4525_55,53.3406192,-6.3081675,270,5335.823
4525_55,53.3406006,-6.3089227,271,5386.17
4525_55,53.3405954971867,-6.30910849376959,272,5398.558
4525_55,53.3405800182941,-6.30968927580518,273,5437.283
4525_55,53.340579,-6.3097328,274,5440.184
4525_55,53.3405793,-6.3098746,275,5449.629
4525_55,53.3405806,-6.3104457,276,5487.671
4525_55,53.3406104,-6.3110003,277,5524.761
4525_55,53.3406343,-6.3112712,278,5543.001
4525_55,53.3406532,-6.3115175,279,5559.541
4525_55,53.3406735,-6.3117962,280,5578.242
4525_55,53.3407085,-6.3123823,281,5617.476
4525_55,53.3407016,-6.3126821,282,5637.46
4525_55,53.3406866,-6.3128822,283,5650.893
4525_55,53.3406491,-6.3131698,284,5670.499
4525_55,53.3406088,-6.3134287,285,5688.318
4525_55,53.3405468,-6.3137804,286,5712.74
4525_55,53.3405037,-6.3140069,287,5728.571
4525_55,53.340435,-6.3144763,288,5760.759
4525_55,53.3404092021728,-6.3146676029082,289,5773.822
4525_55,53.3403026,-6.3154585,290,5827.823
4525_55,53.3402888,-6.3155624,291,5834.912
4525_55,53.3402647,-6.3157507,292,5847.738
4525_55,53.3401724376324,-6.31637945545079,293,5890.861
4525_55,53.3401483,-6.3165451,294,5902.217
4525_55,53.3400906,-6.3168792,295,5925.379
4525_55,53.340081,-6.3169326,296,5929.093
4525_55,53.3400677,-6.316981,297,5932.641
4525_55,53.3400156,-6.3172034,298,5948.549
4525_55,53.3398606,-6.3178653,299,5995.894
4525_55,53.3398383219458,-6.31797301359411,300,6003.485
4525_55,53.3397285,-6.3185097,301,6041.266
4525_55,53.3396311724972,-6.31890439361063,302,6069.701
4525_55,53.3395101,-6.3193039,303,6099.53
4525_55,53.3394073,-6.3196427,304,6124.832
4525_55,53.3393674,-6.3198472,305,6139.16
4525_55,53.3393687,-6.3199306,306,6144.717
4525_55,53.3393738,-6.3200101,307,6150.043
4525_55,53.3393913,-6.3201112,308,6157.053
4525_55,53.339447,-6.3205098,309,6184.319
4525_55,53.3394549,-6.3205664,310,6188.19
4525_55,53.3394865,-6.3207727,311,6202.375
4525_55,53.3395244,-6.321039,312,6220.608
4525_55,53.3393675,-6.3211794,313,6240.417
4525_55,53.3392891,-6.3212598,314,6250.655
4525_55,53.3392418,-6.3213091,315,6256.86
4525_55,53.3391898,-6.3213633,316,6263.681
4525_55,53.3391358,-6.3214195,317,6270.761
4525_55,53.3391188,-6.3214372,318,6272.99
4525_55,53.3389301,-6.3217329,319,6301.783
4525_55,53.3388941,-6.3217893,320,6307.276
4525_55,53.3387003804701,-6.32211090688719,321,6337.669
4525_55,53.3386392,-6.3222125,322,6347.269
4525_55,53.3384884,-6.3224467,323,6370.184
4525_55,53.3383344,-6.3226869,324,6393.631
4525_55,53.3382879,-6.3227579,325,6400.642
4525_55,53.3382346987404,-6.32284329621538,326,6408.852
4525_55,53.3379354,-6.3233238,327,6455.049
4525_55,53.3378885,-6.3234031,328,6462.475
4525_55,53.3378264,-6.3234988,329,6471.877
4525_55,53.3376949593653,-6.32371071824998,330,6492.207
4525_55,53.3376645,-6.3237598,331,6496.916
4525_55,53.3373198,-6.3243161,332,6550.255
4525_55,53.3369551,-6.3248884,333,6605.94
4525_55,53.336843,-6.3250431,334,6622.122
4525_55,53.3368128,-6.3250848,335,6626.483
4525_55,53.3365912,-6.3253907,336,6658.475
4525_55,53.3364568,-6.3255755,337,6677.847
4525_55,53.3363334,-6.3257465,338,6695.69
4525_55,53.3362511116131,-6.32585990911512,339,6707.563
4525_55,53.336136,-6.3260188,340,6724.181
4525_55,53.3360748602738,-6.3261030927589,341,6733.003
4525_55,53.3359873,-6.3262241,342,6745.65
4525_55,53.3358501,-6.3264135,343,6765.458
4525_55,53.3358142,-6.3264629,344,6770.634
4525_55,53.3357246,-6.3265882,345,6783.639
4525_55,53.3355808,-6.3267787,346,6804.064
4525_55,53.3354063,-6.3270101,347,6828.859
4525_55,53.3353090831619,-6.32713904443056,348,6842.674
4525_55,53.3349764,-6.3275804,349,6889.954
4525_55,53.3348266,-6.3277864,350,6911.547
4525_55,53.3347544,-6.3278812,351,6921.767
4525_55,53.3345034,-6.328119,352,6953.882
4525_55,53.3344603,-6.3281585,353,6959.353
4525_55,53.3343712,-6.3282399,354,6970.655
4525_55,53.3342823,-6.3283454,355,6982.791
4525_55,53.3342216,-6.3283981,356,6990.405
4525_55,53.3341501,-6.3284055,357,6998.377
4525_55,53.3340976,-6.3283806,358,7004.451
4525_55,53.3340653,-6.3284024,359,7008.328
4525_55,53.3340085,-6.3284408,360,7015.148
4525_55,53.3339036,-6.3284874,361,7027.228
4525_55,53.3338543,-6.3285349,362,7033.562
4525_55,53.3337448,-6.3286405,363,7047.634
4525_55,53.3336175,-6.3287476,364,7063.497
4525_55,53.3333175,-6.3289824,365,7100.367
4525_55,53.3331296652811,-6.32910294022078,366,7122.762
4525_55,53.3326657,-6.329401,367,7178.084
4525_55,53.3323872,-6.3295443,368,7210.517
4525_55,53.3320563,-6.3297669,369,7250.218
4525_55,53.331852,-6.3299257,370,7275.296
4525_55,53.3317111931629,-6.33004256879277,371,7292.795
4525_55,53.3316436,-6.3300988,372,7301.198
4525_55,53.3313568,-6.3303884,373,7338.496
4525_55,53.3309872,-6.3307981,374,7387.863
4525_55,53.3306386,-6.3312126,375,7435.485
4525_55,53.3303167,-6.3316351,376,7481.046
4525_55,53.3301948,-6.331818,377,7499.282
4525_55,53.3300237238595,-6.33213034502121,378,7527.488
4525_55,53.3300152,-6.332146,379,7528.898
4525_55,53.329901,-6.3323515,380,7547.58
4525_55,53.3295471,-6.333012,381,7606.638
4525_55,53.3293829,-6.3333643,382,7636.386
4525_55,53.3291887,-6.3337903,383,7672.062
4525_55,53.3290753,-6.3340696,384,7694.547
4525_55,53.3289891,-6.3342821,385,7711.649
4525_55,53.3288004,-6.3347554,386,7749.537
4525_55,53.3287795738212,-6.33481130816585,387,7753.925
4525_55,53.3286806,-6.3350786,388,7774.865
4525_55,53.3285718,-6.3354124,389,7800.188
4525_55,53.3284755,-6.3357359,390,7824.26
4525_55,53.3284327,-6.335899,391,7836.126
4525_55,53.3282217,-6.3367028,392,7894.604
4525_55,53.3279448244465,-6.33791513172584,393,7981.059
4525_55,53.3277823,-6.3386272,394,8031.835
4525_55,53.3275821,-6.3394691,395,8092.194
4525_55,53.3273328,-6.3403507,396,8157.158
4525_55,53.3272699,-6.3405731,397,8173.547
4525_55,53.3270259,-6.3415628,398,8244.864
4525_55,53.3267419,-6.3427043,399,8327.23
4525_55,53.3266782,-6.3429553,400,8345.395
4525_55,53.3264261282586,-6.34389266833541,401,8413.864
4525_55,53.3263271,-6.3442612,402,8440.78
4525_55,53.3258914,-6.3458358,403,8556.363
4525_55,53.3258816,-6.34587,404,8558.89
4525_55,53.3257675,-6.3462455,405,8586.948
4525_55,53.3255439,-6.3469125,406,8637.885
4525_55,53.3254849778515,-6.34707905936983,407,8650.776
4525_55,53.324667292581,-6.3493957739176,408,8829.975
4525_55,53.3246469099062,-6.34945143324019,409,8834.323
4525_55,53.3245929,-6.3495994,410,8845.871
4525_55,53.3244777,-6.3499201,411,8870.791
4525_55,53.3243772,-6.3501925,412,8892.112
4525_55,53.3242217,-6.3506143,413,8925.12
4525_55,53.3241782,-6.3507299,414,8934.218
4525_55,53.3240908,-6.3509668,415,8952.76
4525_55,53.3240071,-6.3511958,416,8970.638
4525_55,53.3238615,-6.3515941,417,9001.735
4525_55,53.3238355,-6.351669,418,9007.504
4525_55,53.3237979,-6.3517773,419,9015.846
4525_55,53.3237623,-6.3518802,420,9023.765
4525_55,53.3235332,-6.352541,421,9074.648
4525_55,53.3234716,-6.3527047,422,9087.532
4525_55,53.3233589,-6.3530213,423,9112.076
4525_55,53.3232735,-6.3532612,424,9130.674
4525_55,53.3231891,-6.3534978,425,9149.027
4525_55,53.3227916,-6.3546156,426,9235.661
4525_55,53.3227494,-6.35473,427,9244.615
4525_55,53.3227138,-6.3548319,428,9252.476
4525_55,53.3225988,-6.3551557,429,9277.564
4525_55,53.3223485244302,-6.35585978273772,430,9332.128
4525_55,53.3222557,-6.3561211,431,9352.375
4525_55,53.3216557,-6.3578099,432,9483.235
4525_55,53.3215131,-6.3582046,433,9513.955
4525_55,53.3210664,-6.3594316,434,9609.649
4525_55,53.3202645,-6.3617018,435,9785.3
4525_55,53.3201415299769,-6.36203450643208,436,9811.355
4525_55,53.319913,-6.3626533,437,9859.806
4525_55,53.3195651,-6.3635951,438,9933.552
4525_55,53.3194955,-6.3637841,439,9948.338
4525_55,53.3191098,-6.3648311,440,10030.26
4525_55,53.3190223,-6.3650781,441,10049.386
4525_55,53.318847,-6.3655298,442,10085.258
4525_55,53.3187985,-6.3656549,443,10095.19
4525_55,53.3187409,-6.3658349,444,10108.792
4525_55,53.318713,-6.3659065,445,10114.485
4525_55,53.3186743,-6.3660525,446,10125.125
4525_55,53.318633,-6.3661645,447,10133.891
4525_55,53.3185829,-6.3662697,448,10142.849
4525_55,53.3185202,-6.3663784,449,10152.907
4525_55,53.3184767,-6.3664521,450,10159.804
4525_55,53.3184223,-6.3665272,451,10167.659
4525_55,53.3183675,-6.3665877,452,10174.97
4525_55,53.3182535,-6.3666919,453,10189.434
4525_55,53.3181211,-6.3668053,454,10205.994
4525_55,53.3180502,-6.3668807,455,10215.349
4525_55,53.317986,-6.366967,456,10224.522
4525_55,53.3179319,-6.3670617,457,10233.244
4525_55,53.3178638,-6.3672034,458,10245.353
4525_55,53.3177989,-6.3673752,459,10258.891
4525_55,53.3177461,-6.3675461,460,10271.707
4525_55,53.3177082,-6.3677012,461,10282.871
4525_55,53.3176617,-6.36791,462,10297.718
4525_55,53.3176318,-6.368091,463,10310.231
4525_55,53.3176155,-6.3682192,464,10318.966
4525_55,53.3176087,-6.3683436,465,10327.291
4525_55,53.3176097,-6.3684352,466,10333.397
4525_55,53.3176155,-6.3686019,467,10344.525
4525_55,53.3176267,-6.3687414,468,10353.906
4525_55,53.3176492,-6.3689156,469,10365.782
4525_55,53.3176718,-6.3690581,470,10375.607
4525_55,53.3176909,-6.3692372,471,10387.731
4525_55,53.3176943,-6.3693956,472,10398.294
4525_55,53.3176921,-6.3695973,473,10411.739
4525_55,53.3176743,-6.3698624,474,10429.517
4525_55,53.3176538,-6.3699992,475,10438.916
4525_55,53.3175996,-6.370312,476,10460.617
4525_55,53.3172196,-6.3723401,477,10602.244
4525_55,53.3170992,-6.3729126,478,10642.684
4525_55,53.3170902,-6.3729577,479,10645.852
4525_55,53.3170729,-6.3730576,480,10652.783
4525_55,53.3169481,-6.3732035,481,10669.738
4525_55,53.3168484,-6.3737539,482,10708.062
4525_55,53.3168122,-6.3738773,483,10717.22
4525_55,53.316762,-6.3739428,484,10724.31
4525_55,53.3166801,-6.3739898,485,10733.948
4525_55,53.3165827,-6.3740058,486,10744.84
4525_55,53.3164079,-6.3738773,487,10766.096
4525_55,53.3162847,-6.3737928,488,10780.919
4525_55,53.3162736386377,-6.37378247332836,489,10782.329
4525_55,53.3162061,-6.3737191,490,10790.951
4525_55,53.3161248,-6.3736341,491,10801.626
4525_55,53.3160616,-6.3735187,492,10812.049
4525_55,53.3160441,-6.3734705,493,10815.806
4525_55,53.3160211,-6.3734069,494,10820.757
4525_55,53.3159907,-6.3732813,495,10829.786
4525_55,53.3159737,-6.3731582,496,10838.206
4525_55,53.3159735,-6.3730082,497,10848.203
4525_55,53.3159956,-6.3728325,498,10860.169
4525_55,53.3160285,-6.3726991,499,10869.784
4525_55,53.3160795,-6.3725983,500,10878.579
4525_55,53.316135,-6.3725524,501,10885.472
4525_55,53.3161854,-6.3725317,502,10891.248
4525_55,53.3161914,-6.372567,503,10893.694
4525_55,53.3162018,-6.3725994,504,10896.144
4525_55,53.3162143,-6.372624,505,10898.294
4525_55,53.3162293,-6.3726443,506,10900.443
4525_55,53.3162575,-6.3726659,507,10903.896
4525_55,53.3162814,-6.3726721,508,10906.588
4525_55,53.3163056,-6.3726684,509,10909.292
4525_55,53.3163235,-6.3727583,510,10915.606
4525_55,53.3163488,-6.3728857,511,10924.552
4525_55,53.3164132,-6.3730575,512,10938.06
4525_55,53.3164356,-6.3731139,513,10942.571
4525_55,53.3164661,-6.3731905,514,10948.701
4525_55,53.3165456,-6.373353,515,10962.686
4525_55,53.3166006,-6.3734317,516,10970.747
4525_55,53.3166692,-6.3735107,517,10980.021
4525_55,53.3167935,-6.3736136,518,10995.462
4525_55,53.3172933,-6.3739853,519,11056.353
4525_55,53.317561,-6.3741958,520,11089.284
4525_55,53.317648,-6.3742506,521,11099.632
4525_55,53.3177057,-6.3742881,522,11106.523
4525_55,53.3177629,-6.3743213,523,11113.263
4525_55,53.3178898,-6.3743811,524,11127.938
4525_55,53.3179199,-6.3743952,525,11131.417
4525_55,53.3179252,-6.3744571,526,11135.584
4525_55,53.3179415,-6.3745134,527,11139.752
4525_55,53.3179672,-6.3745589,528,11143.92
4525_55,53.3179998,-6.3745892,529,11148.072
4525_55,53.3180365,-6.3746015,530,11152.238
4525_55,53.3180737,-6.3745947,531,11156.403
4525_55,53.3181013,-6.3748578,532,11174.205
4525_55,53.3181304,-6.3750915,533,11190.113
4525_55,53.3181411631323,-6.37514701793063,534,11194.002
4525_55,53.3181696,-6.3752928,535,11204.22
4525_55,53.3182197,-6.3754924,536,11218.643
4525_55,53.3182992,-6.3758324,537,11242.969
4525_55,53.3183454,-6.376061,538,11259.048
4525_55,53.3183812,-6.376297,539,11275.273
4525_55,53.3184446,-6.3766866,540,11302.179
4525_55,53.3185031,-6.3769797,541,11322.769
4525_55,53.3185602,-6.3772206,542,11340.036
4525_55,53.3186402,-6.3775759,543,11365.333
4525_55,53.3187245,-6.3779028,544,11389.053
4525_55,53.3187893,-6.3780691,545,11402.276
4525_55,53.318848,-6.3782203,546,11414.285
4525_55,53.3189352,-6.3783951,547,11429.447
4525_55,53.3189808,-6.37848,548,11437.048
4525_55,53.3191255,-6.378723,549,11459.886
4525_55,53.3191996,-6.3788314,550,11470.85
4525_55,53.3191873,-6.3788873,551,11474.819
4525_55,53.319185,-6.3789469,552,11478.799
4525_55,53.319193,-6.379005,553,11482.772
4525_55,53.3192107,-6.3790568,554,11486.747
4525_55,53.319235,-6.3790962,555,11490.516
4525_55,53.3192648,-6.3791231,556,11494.286
4525_55,53.3192979,-6.3791353,557,11498.058
4525_55,53.3193381,-6.3791296,558,11502.549
4525_55,53.3193751,-6.3791022,559,11507.053
4525_55,53.3194048,-6.3790563,560,11511.557
4525_55,53.319424,-6.378997,561,11516.049
4525_55,53.3194305,-6.3789303,562,11520.553
4525_55,53.3194241,-6.3788636,563,11525.055
4525_55,53.3195227,-6.3787798,564,11537.368
4525_55,53.3198093,-6.3785363,565,11573.155
4525_55,53.3198601,-6.378505,566,11579.181
4525_55,53.3198818,-6.3784916,567,11581.756
4525_55,53.3200096016197,-6.37841262628254,568,11596.922
4525_55,53.3201886,-6.3783018,569,11618.168
4525_55,53.3204135,-6.3781501,570,11645.163
4525_55,53.3205557226411,-6.37804557179119,571,11662.456
4525_55,53.3207363,-6.3779126,572,11684.42
4525_55,53.3209745,-6.3777276,573,11713.657
4525_55,53.321226907718,-6.37750187498731,574,11745.522
4525_55,53.3213282,-6.3774113,575,11758.309
4525_55,53.3214108,-6.3773108,576,11769.683
4525_55,53.3214642,-6.3772459,577,11777.033
4525_55,53.3215644,-6.3771006,578,11791.802
4525_55,53.3217254,-6.3768178,579,11817.806
4525_55,53.3218066,-6.3766355,580,11832.947
4525_55,53.321832,-6.3766653,581,11836.402
4525_55,53.3218619,-6.3766793,582,11839.858
4525_55,53.3218928,-6.3766757,583,11843.305
4525_55,53.3219213,-6.376655,584,11846.764
4525_55,53.321944,-6.3766196,585,11850.22
4525_55,53.3220152,-6.3767306,586,11861.06
4525_55,53.3222983,-6.3771172,587,11901.759
4525_55,53.3223191,-6.3771457,588,11904.754
4525_55,53.3223758,-6.3772254,589,11913.002
4525_55,53.3228171,-6.3778322,590,11976.619
4525_55,53.3229496,-6.3780165,591,11995.81
4525_55,53.3230359,-6.3781394,592,12008.432
4525_55,53.3232376107131,-6.37842665354209,593,12037.934
4525_55,53.3232787,-6.378485,594,12043.937
4525_55,53.3235266,-6.3788548,595,12080.929
4525_55,53.3237127,-6.3791512,596,12109.549
4525_55,53.3237365,-6.3791892,597,12113.213
4525_55,53.3238365123887,-6.3793516601331,598,12128.74
4525_55,53.3241695,-6.3798911,599,12180.369
4525_55,53.3241504,-6.3799329,600,12183.872
4525_55,53.3241406,-6.379983,601,12187.384
4525_55,53.3241411,-6.3800357,602,12190.897
4525_55,53.3241521,-6.380085,603,12194.402
4525_55,53.3241721,-6.3801257,604,12197.911
4525_55,53.3241965,-6.3801513,605,12201.118
4525_55,53.3242244,-6.3801633,606,12204.324
4525_55,53.3242531,-6.3801607,607,12207.523
4525_55,53.32428,-6.3801436,608,12210.726
4525_55,53.3243026,-6.3801138,609,12213.931
4525_55,53.3243482,-6.3801974,610,12221.467
4525_55,53.3244742,-6.3804217,611,12241.962
4525_55,53.324606,-6.3806294,612,12262.129
4525_55,53.3246288,-6.3806641,613,12265.562
4525_55,53.3248448,-6.3809941,614,12298.141
4525_55,53.3251424,-6.3814242,615,12341.94
4525_55,53.3251613,-6.3814515,616,12344.721
4525_55,53.3255097,-6.3819231,617,12394.631
4525_55,53.325627,-6.3820698,618,12410.94
4525_55,53.3259299,-6.3824761,619,12454.176
4525_55,53.3260389,-6.382628,620,12469.975
4525_55,53.3261077357711,-6.38270455500188,621,12479.179
4525_55,53.3261424,-6.3827427,622,12483.798
4525_55,53.3262933,-6.3828827,623,12503.01
4525_55,53.3264735435079,-6.38301208929571,624,12524.844
4525_55,53.3264961,-6.3830281,625,12527.571
4525_55,53.3268006,-6.3832499,626,12564.543
4525_55,53.3270028,-6.3834067,627,12589.353
4525_55,53.3272816,-6.3836121,628,12623.266
4525_55,53.3273438,-6.383656,629,12630.781
4525_55,53.3274155,-6.3837067,630,12639.446
4525_55,53.327387,-6.3837692,631,12644.681
4525_55,53.3273689,-6.3838072,632,12647.917
4525_55,53.327207,-6.3841457,633,12676.785
4525_55,53.3267692,-6.3850477,634,12754.156
4525_55,53.32652,-6.3855634,635,12798.314
4525_55,53.3264134,-6.3858578,636,12821.239
4525_55,53.3262889,-6.3861824,637,12846.925
4525_55,53.3261927,-6.3864422,638,12867.279
4525_55,53.3260522,-6.3868346,639,12897.745
4525_55,53.3259484,-6.3871247,640,12920.264
4525_55,53.325736,-6.3876717,641,12963.707
4525_55,53.325562,-6.3880677,642,12996.437
4525_55,53.3253676,-6.388517,643,13033.375
4525_55,53.3252663,-6.3887912,644,13054.844
4525_55,53.3251924,-6.3890483,645,13073.848
4525_55,53.3251766868013,-6.3891070793986,646,13078.137
4525_55,53.3251289,-6.3892876,647,13091.289
4525_55,53.3250195,-6.3897406,648,13123.837
4525_55,53.3249989,-6.3898258,649,13129.96
4525_55,53.3248591650408,-6.39031652098644,650,13166.169
4525_55,53.3247947,-6.3905256,651,13181.839
4525_55,53.3247091,-6.3907216,652,13198.005
4525_55,53.324597,-6.3909151,653,13215.947
4525_55,53.3244107,-6.3911795,654,13243.155
4525_55,53.3243357,-6.391286,655,13254.111
4525_55,53.3242179,-6.3914517,656,13271.252
4525_55,53.3240511,-6.391689,657,13295.637
4525_55,53.3239715,-6.3917967,658,13307.038
4525_55,53.3238861,-6.3918736,659,13317.836
4525_55,53.3238309,-6.3919019,660,13324.263
4525_55,53.3237231,-6.391947,661,13336.631
4525_55,53.3236424,-6.3919661,662,13345.702
4525_55,53.323579,-6.3919764,663,13352.791
4525_55,53.323496,-6.3919711,664,13362.035
4525_55,53.323276,-6.3919042,665,13386.922
4525_55,53.3232302,-6.3918976,666,13392.038
4525_55,53.3231879,-6.3918915,667,13396.764
4525_55,53.3230987,-6.3918868,668,13406.696
4525_55,53.323003,-6.3919026,669,13417.399
4525_55,53.3228968,-6.391955,670,13429.723
4525_55,53.3228086,-6.392009,671,13440.178
4525_55,53.3226408,-6.3921661,672,13461.587
4525_55,53.3224103,-6.3924141,673,13492.103
4525_55,53.3223100366423,-6.39252551484938,674,13505.506
4525_55,53.3222394,-6.3926042,675,13514.955
4525_55,53.3221378,-6.3927116,676,13528.337
4525_55,53.3221063,-6.3927763,677,13533.894
4525_55,53.3221007,-6.3928347,678,13537.836
4525_55,53.3219976,-6.3930171,679,13554.551
4525_55,53.3219471,-6.3930029,680,13560.25
4525_55,53.3218862,-6.3929954,681,13567.046
4525_55,53.321855,-6.3929916,682,13570.528
4525_55,53.3218348,-6.3930002,683,13572.848
4525_55,53.3217553,-6.3930334,684,13581.968
4525_55,53.3215256,-6.3931778,685,13609.283
4525_55,53.3214759,-6.3931962,686,13614.949
4525_55,53.3214055,-6.3931965,687,13622.784
4525_55,53.3213628,-6.3931772,688,13627.707
4525_55,53.3213137,-6.3931433,689,13633.62
4525_55,53.3212601,-6.3930721,690,13641.243
4525_55,53.3212353,-6.3930265,691,13645.348
4525_55,53.3212064,-6.3930068,692,13648.822
4525_55,53.3211834,-6.3930042,693,13651.387
4525_55,53.3211634,-6.3930082,694,13653.629
4525_55,53.3211273,-6.3930276,695,13657.85
4525_55,53.3210568,-6.3932123,696,13672.446
4525_55,53.3209631,-6.3934106,697,13689.28
4525_55,53.3209398,-6.3934696,698,13693.99
4525_55,53.3206733,-6.394073,699,13743.956
4525_55,53.3205839,-6.3942792,700,13760.922
4525_55,53.3204946,-6.3944857,701,13777.897
4525_55,53.32042,-6.3945641,702,13787.706
4525_55,53.3203084,-6.39463,703,13800.88
4525_55,53.320237,-6.3946256,704,13808.832
4525_55,53.3201674,-6.3946214,705,13816.583
4525_55,53.3199794,-6.3946313,706,13837.516
4525_55,53.3198535,-6.3946487,707,13851.576
4525_55,53.3197606,-6.39466,708,13861.943
4525_55,53.3197225054134,-6.39466690189898,709,13866.207
4525_55,53.3195749123895,-6.39469328170234,710,13882.727
4525_55,53.3190241,-6.3947915,711,13944.377
4525_55,53.318864,-6.394817,712,13962.276
4525_55,53.318678,-6.3948496,713,13983.09
4525_55,53.31863,-6.3948563,714,13988.451
4525_55,53.3183721398363,-6.39494695482451,715,14017.778
4525_55,53.3182351,-6.3950129,716,14033.651
4525_55,53.3180805161341,-6.39511663552074,717,14052.192
4525_55,53.3180244,-6.3951544,718,14058.925
4525_55,53.3178437,-6.3952773,719,14080.64
4525_55,53.317774,-6.395334,720,14089.269
4525_55,53.3177098,-6.3953833,721,14097.133
4525_55,53.3175846,-6.3954391,722,14111.554
4525_55,53.3174204,-6.3954871,723,14130.107
4525_55,53.3172451353053,-6.3955606942984,724,14150.22
4525_55,53.3170455,-6.3956443,725,14173.126
4525_55,53.3167543836386,-6.39576042057793,726,14206.437
4525_55,53.3166993,-6.3957852,727,14212.786
4525_55,53.316631,-6.395816,728,14220.659
4525_55,53.3164832,-6.3959013,729,14238.063
4525_55,53.3163148,-6.3960409,730,14258.987
4525_55,53.3162036,-6.3961332,731,14272.808
4525_55,53.3161806,-6.3961506,732,14275.618
4525_55,53.3160657,-6.3962376,733,14289.658
4525_55,53.3161481,-6.3963829,734,14302.996
4525_55,53.3162568,-6.3965686,735,14320.303
4525_55,53.3164684,-6.3969286,736,14353.922
4525_55,53.3165915,-6.3971873,737,14375.944
4525_55,53.3167145,-6.3974854,738,14400.071
4525_55,53.3167672,-6.3976227,739,14410.94
4525_55,53.3168756,-6.3979694,740,14437.006
4525_55,53.3168859394907,-6.39801320175128,741,14440.144
4525_55,53.316968,-6.3983556,742,14464.723
4525_55,53.3170457,-6.3987558,743,14492.762
4525_55,53.3172824,-6.4000676,744,14584.072
4525_55,53.3174800446497,-6.4011545544679,745,14659.779
4525_55,53.3174967,-6.4012456,746,14666.124
4525_55,53.3175113206357,-6.40133219923499,747,14672.12
4525_55,53.3175678,-6.4016633,748,14695.064
4525_55,53.3176508,-6.4020884,749,14724.863
4525_55,53.3177424,-6.402477,750,14752.696
4525_55,53.3177992,-6.4026897,751,14768.217
4525_55,53.3179376,-6.403134,752,14801.594
4525_55,53.3180605,-6.4034587,753,14827.194
4525_55,53.3182195,-6.4038171,754,14856.921
4525_55,53.3184515,-6.4042633,755,14896.303
4525_55,53.3186348,-6.4045717,756,14925.261
4525_55,53.318775,-6.4047745,757,14945.904
4525_55,53.3188697,-6.4048864,758,14958.815
4525_55,53.318917,-6.4049413,759,14965.226
4525_55,53.3189524,-6.4049824,760,14970.024
4525_55,53.3189871,-6.405026,761,14974.857
4525_55,53.3190748,-6.4051233,762,14986.575
4525_55,53.3193487,-6.4053734,763,15021.318
4525_55,53.319515,-6.4055036,764,15041.759
4525_55,53.3197187,-6.4056513,765,15066.474
4525_55,53.3200164,-6.4058149,766,15101.354
4525_55,53.3201476169135,-6.40587930913758,767,15116.575
4525_55,53.3202562,-6.4059324,768,15129.167
4525_55,53.3203761901682,-6.40607707127458,769,15145.638
4525_55,53.3205143,-6.406143,770,15161.624
4525_55,53.3206669,-6.4061965,771,15178.977
4525_55,53.3208561,-6.406248,772,15200.312
4525_55,53.3209829,-6.4062696,773,15214.497
4525_55,53.3210745,-6.4062032,774,15225.611
4525_55,53.3212382,-6.4062355,775,15243.956
4525_55,53.3216394,-6.4062538,776,15288.624
4525_55,53.3216911,-6.4062555,777,15294.379
4525_55,53.3217275,-6.4062541,778,15298.431
4525_55,53.321792,-6.4062516,779,15305.611
4525_55,53.3218251,-6.406323,780,15311.628
4525_55,53.3219455,-6.4063175,781,15325.033
4525_55,53.3220605,-6.4062979,782,15337.898
4525_55,53.322105,-6.4062364,783,15344.327
4525_55,53.3221505,-6.4062276,784,15349.424
4525_55,53.3222938,-6.4061998,785,15365.48
4525_55,53.3223657,-6.4062352,786,15373.822
4525_55,53.3225746,-6.4063382,787,15398.064
4525_55,53.3226968,-6.4064443,788,15413.392
4525_55,53.3227874,-6.4065706,789,15426.526
4525_55,53.3228545,-6.4067089,790,15438.388
4525_55,53.3228964,-6.4068363,791,15448.074
4525_55,53.3229078,-6.4068711,792,15450.717
4525_55,53.3229587,-6.4070861,793,15466.123
4525_55,53.3229718,-6.4073041,794,15480.723
4525_55,53.3229536,-6.4074987,795,15493.848
4525_55,53.3229159,-6.407669,796,15505.947
4525_55,53.3228754,-6.407924,797,15523.528
4525_55,53.3228438,-6.4081422,798,15538.487
4525_55,53.3227723858374,-6.40835583296109,799,15554.792
4525_55,53.3225498,-6.4090209,800,15605.564
4525_55,53.3224607,-6.4092873,801,15625.898
4525_55,53.3226706,-6.4094776,802,15652.478
4525_55,53.3227078,-6.4095114,803,15657.192
4525_55,53.3230092,-6.4098145,804,15696.347
4525_55,53.3230561500791,-6.40987472876325,805,15702.936
4525_55,53.3231595,-6.410007,806,15717.427
4525_55,53.3233328,-6.4103217,807,15745.918
4525_55,53.3233806948318,-6.41041758287051,808,15754.239
4525_55,53.3236196,-6.4108954,809,15795.721
4525_55,53.3237841,-6.41121,810,15823.553
4525_55,53.3239574,-6.4115035,811,15851.022
4525_55,53.3240434,-6.4116229,812,15863.468
4525_55,53.3242757,-6.4119047,813,15895.421
4525_55,53.3243776,-6.4120122,814,15908.835
4525_55,53.3244426,-6.4120932,815,15917.861
4525_55,53.3246804,-6.4122707,816,15946.849
4525_55,53.3248281,-6.4123604,817,15964.34
4525_55,53.3249463778916,-6.41241300768758,818,15977.962
4525_55,53.3249828205761,-6.41242671355451,819,15982.12
4525_55,53.3251712,-6.4124858,820,16003.451
4525_55,53.3252562,-6.4124953,821,16012.932
4525_55,53.3253791,-6.4125107,822,16026.649
4525_55,53.325579,-6.4125107,823,16048.896
4525_55,53.3258847,-6.4124543,824,16083.126
4525_55,53.3261265,-6.4123946,825,16110.329
4525_55,53.3263794909707,-6.41225531728543,826,16139.975
4525_55,53.3266984,-6.4120795,827,16177.351
4525_55,53.3273966,-6.4116798,828,16259.494
4525_55,53.3275213463034,-6.41160830853053,829,16274.172
4525_55,53.328017,-6.4113245,830,16332.486
4525_55,53.3280869796558,-6.41128456071313,831,16340.716
4525_55,53.3282276,-6.411204,832,16357.261
4525_55,53.3283744,-6.4111012,833,16374.977
4525_55,53.328459,-6.4111329,834,16384.626
4525_55,53.3285021,-6.4112715,835,16395.032
4525_55,53.3285516,-6.4118532,836,16434.18
4525_55,53.3285825,-6.4129125,837,16504.843
4525_55,53.3285755,-6.4137687,838,16561.896
4525_55,53.3285675664417,-6.41393636185854,839,16573.102
4525_55,53.3285598477423,-6.41410618344928,840,16584.45
4525_55,53.3285349,-6.414648,841,16620.657
4525_55,53.3285176,-6.4156063,842,16684.536
4525_55,53.328563,-6.4160421,843,16714.009
4525_55,53.3286836478956,-6.41674362458674,844,16762.641
4525_55,53.3287447507833,-6.41709885832605,845,16787.267
4525_55,53.3288604,-6.4177694,846,16833.762
4525_55,53.3288729,-6.4178423,847,16838.814
4525_55,53.3289453,-6.4185146,848,16884.327
4525_55,53.3289254,-6.4185514,849,16887.631
4525_55,53.3289126,-6.4185963,850,16890.945
4525_55,53.3289081,-6.4186454,851,16894.254
4525_55,53.3289122,-6.4186946,852,16897.564
4525_55,53.3289248,-6.4187405,853,16900.928
4525_55,53.3289451,-6.4187785,854,16904.322
4525_55,53.328971,-6.4188047,855,16907.692
4525_55,53.3290004,-6.418817,856,16911.065
4525_55,53.3291332,-6.4193369,857,16948.726
4525_55,53.3293029,-6.4202863,858,17014.741
4525_55,53.329472,-6.4212745,859,17083.219
4525_55,53.3295227099389,-6.42166150705923,860,17109.615
4525_55,53.3295567,-6.42192,861,17127.248
4525_55,53.329579069524,-6.42228602093998,862,17151.762
4525_55,53.3295968,-6.4225722,863,17170.931
4525_55,53.3296013,-6.4230874,864,17205.261
4525_55,53.3296024,-6.4232201,865,17214.103
4525_55,53.3295271,-6.4235447,866,17237.297
4525_55,53.3295078,-6.4235808,867,17240.522
4525_55,53.3294947,-6.423624,868,17243.748
4525_55,53.3294888,-6.4236715,869,17246.981
4525_55,53.3293668,-6.4237697,870,17262.053
4525_55,53.3287706626143,-6.42409471717883,871,17331.844
4525_55,53.3285799,-6.4241986,872,17354.174
4525_55,53.3284104989454,-6.42428598742429,873,17373.906
4525_55,53.3283883,-6.4242973,874,17376.489
4525_55,53.3280575,-6.4244677,875,17415.016
4525_55,53.327209585867,-6.42489724440306,876,17513.628
4525_55,53.3268298084493,-6.42508964308449,877,17557.796
4525_55,53.3266663,-6.4251724,878,17576.81
4525_55,53.3264582,-6.4252224,879,17600.209
4525_55,53.3264362,-6.4251804,880,17603.927
4525_55,53.3264075,-6.4251516,881,17607.654
4525_55,53.326375,-6.425139,882,17611.367
4525_55,53.3263417,-6.4251436,883,17615.086
4525_55,53.3263108,-6.4251652,884,17618.814
4525_55,53.3262854,-6.4252014,885,17622.53
4525_55,53.3262677,-6.425249,886,17626.263
4525_55,53.3262598,-6.4253033,887,17629.987
4525_55,53.3261533,-6.4254045,888,17643.623
4525_55,53.3260511,-6.4255065,889,17656.873
4525_55,53.3250689730595,-6.42600749306512,890,17771.162
4525_55,53.3249465,-6.42607,891,17785.414
4525_55,53.3248899,-6.4260934,892,17791.904
4525_55,53.3248362,-6.4261155,893,17798.059
4525_55,53.3247294,-6.426148,894,17810.141
4525_55,53.3245798,-6.4261747,895,17826.885
4525_55,53.324442,-6.4261764,896,17842.222
4525_55,53.3243697,-6.4261671,897,17850.292
4525_55,53.3241759,-6.426103,898,17872.28
4525_55,53.3240940535662,-6.42607102183945,899,17881.635
4525_55,53.3240592,-6.4260573,900,17885.62
4525_55,53.3239437,-6.4259894,901,17899.247
4525_55,53.3237292,-6.4258003,902,17926.241
4525_55,53.3235743,-6.4255972,903,17948.158
4525_55,53.3235336,-6.4255328,904,17954.398
4525_55,53.3234422,-6.4253548,905,17970.024
4525_55,53.3232851,-6.4250302,906,17997.837
4525_55,53.3231964,-6.4248193,907,18015.011
4525_55,53.3231115545085,-6.42461767277666,908,18031.433
4525_55,53.3229873,-6.4243138,909,18055.954
4525_55,53.3229337,-6.4240081,910,18077.181
4525_55,53.3229431,-6.4239573,911,18080.724
4525_55,53.3229443,-6.4239043,912,18084.258
4525_55,53.3229372,-6.4238526,913,18087.793
4525_55,53.3229224,-6.4238055,914,18091.337
4525_55,53.3229008,-6.4237666,915,18094.873
4525_55,53.3228739,-6.4237383,916,18098.411
4525_55,53.3228436,-6.4237225,917,18101.944
4525_55,53.3228117,-6.4237206,918,18105.496
4525_55,53.3227807,-6.4237325,919,18109.036
4525_55,53.3226974,-6.4236574,920,18119.571
4525_55,53.3225652,-6.4235383,921,18136.288
4525_55,53.3225093,-6.4234593,922,18144.438
4525_55,53.3224015,-6.4233235,923,18159.466
4525_55,53.3222774,-6.4231812,924,18176.219
4525_55,53.3221851,-6.4230982,925,18187.886
4525_55,53.3220489,-6.4229796,926,18204.981
4525_55,53.3218958711541,-6.42286845313032,927,18223.553
4525_55,53.3217758,-6.4227919,928,18237.857
4525_55,53.3214603,-6.4226021,929,18275.178
4525_55,53.3212164796061,-6.42246122600988,930,18303.892
4525_55,53.3210241,-6.4223498,931,18326.554
4525_55,53.3208732,-6.4222664,932,18344.243
4525_55,53.3205541,-6.4220844,933,18381.771
4525_55,53.3205306,-6.4222397,934,18392.446
4525_55,53.3204763,-6.4225991,935,18417.147
4525_55,53.3204079,-6.4231798,936,18456.588
4525_55,53.3203163185836,-6.42403684494302,937,18514.605
4525_55,53.3202965,-6.4242235,938,18527.238
4525_55,53.3202850134857,-6.42432498401175,939,18534.121
4525_55,53.3201676,-6.4253747,940,18605.285
4525_55,53.3200464,-6.4264232,941,18676.449
4525_55,53.3200099141625,-6.42672774273672,942,18697.147
4525_55,53.3199731,-6.4270375,943,18718.192
4525_55,53.3199594500068,-6.4271506916002,944,18725.887
4525_55,53.3199105,-6.427561,945,18753.769
4525_55,53.3198053,-6.4281654,946,18795.714
4525_55,53.3197526,-6.4283932,947,18811.989
4525_55,53.3195459,-6.4291903,948,18869.877
4525_55,53.3194909,-6.4293661,949,18883.095
4525_55,53.3194071,-6.429585,950,18900.41
4525_55,53.3193607,-6.4297153,951,18910.513
4525_55,53.3191916,-6.43016,952,18945.62
4525_55,53.3189500681756,-6.43092885125741,953,19003.482
4525_55,53.3188783,-6.4311575,954,19020.686
4525_55,53.3187242,-6.431689,955,19060.041
4525_55,53.3185922,-6.4322746,956,19101.741
4525_55,53.3185285,-6.4326611,957,19128.457
4525_55,53.3184828,-6.4331022,958,19158.291
4525_55,53.3183379,-6.4334179,959,19184.8
4525_55,53.3183057,-6.4334659,960,19189.603
4525_55,53.3182832,-6.4335275,961,19194.412
4525_55,53.3182724,-6.4335975,962,19199.23
4525_55,53.3182728,-6.4336543,963,19203.015
4525_55,53.3182812,-6.4337094,964,19206.805
4525_55,53.3182968,-6.4337599,965,19210.592
4525_55,53.3183257,-6.4338126,966,19215.354
4525_55,53.3183823,-6.4341068,967,19235.948
4525_55,53.318356,-6.4344913,968,19261.739
4525_55,53.3183284,-6.4348146,969,19283.503
4525_55,53.3182855443276,-6.43526792850853,970,19314.089
4525_55,53.3182537,-6.4356063,971,19336.917
4525_55,53.3182477568666,-6.43566925038347,972,19341.164
4525_55,53.3181044,-6.4372125,973,19445.244
4525_55,53.3180813,-6.4374596,974,19461.911
4525_55,53.3180284,-6.4380233,975,19499.938
4525_55,53.3179951,-6.4383893,976,19524.61
4525_55,53.317986,-6.4384888,977,19531.318
4525_55,53.3179648,-6.4389364,978,19561.241
4525_55,53.3179536,-6.4394111,979,19592.902
4525_55,53.3179625,-6.4397559,980,19615.903
4525_55,53.3179292,-6.4397627,981,19619.637
4525_55,53.3178982,-6.4397843,982,19623.375
4525_55,53.3178718,-6.4398189,983,19627.11
4525_55,53.3178519,-6.4398642,984,19630.854
4525_55,53.3178393,-6.4399224,985,19634.979
4525_55,53.3178375,-6.4399843,986,19639.109
4525_55,53.3178466,-6.4400442,987,19643.227
4525_55,53.3178664,-6.4400977,988,19647.419
4525_55,53.3178948,-6.4401388,989,19651.601
4525_55,53.3179292,-6.4401637,990,19655.774
4525_55,53.3179666,-6.4401703,991,19659.96
4525_55,53.3179928,-6.4404442,992,19678.445
4525_55,53.3180731,-6.4412115,993,19730.357
4525_55,53.3181086261563,-6.44146142282505,994,19747.476
4525_55,53.3181776,-6.4419435,995,19780.508
4525_55,53.3182972,-6.4427708,996,19837.227
4525_55,53.3184576,-6.443881,997,19913.339
4525_55,53.318499,-6.4442548,998,19938.673
4525_55,53.3185254,-6.4445519,999,19958.69
4525_55,53.3185445,-6.4449291,1000,19983.918
4525_55,53.3185475914213,-6.44501617969192,1001,19989.732
4525_55,53.3185653253742,-6.44549072326817,1002,20021.419
4525_55,53.3185912,-6.4461769,1003,20067.239
4525_55,53.3186164,-6.4466696,1004,20100.194
4525_55,53.3186781,-6.4473443,1005,20145.68
4525_55,53.3187684,-6.4477997,1006,20177.651
4525_55,53.3188735,-6.4482235,1007,20208.221
4525_55,53.3189997,-6.448653,1008,20240.104
4525_55,53.3191397,-6.4490469,1009,20270.631
4525_55,53.3192655,-6.4493512,1010,20295.274
4525_55,53.3193754,-6.4496144,1011,20316.658
4525_55,53.3194029511215,-6.44967322458474,1012,20321.635
4525_55,53.3195620259431,-6.45001217366956,1013,20350.335
4525_55,53.3196177,-6.4501304,1014,20360.358
4525_55,53.3198216,-6.4507001,1015,20404.589
4525_55,53.3199466,-6.4512086,1016,20441.221
4525_55,53.3200074,-6.4515833,1017,20467.093
4525_55,53.320071,-6.4523962,1018,20521.726
4525_55,53.3200949,-6.4531162,1019,20569.782
4525_55,53.3201753,-6.4536838,1020,20608.652
4525_55,53.3202751,-6.45423,1021,20646.709
4525_55,53.320481,-6.4549038,1022,20697.121
4525_55,53.320779,-6.4558959,1023,20771.088
4525_55,53.3208791,-6.4563851,1024,20805.539
4525_55,53.321001,-6.4562737,1025,20821.004
4525_55,53.3212559,-6.4560323,1026,20853.617
4525_55,53.3214033,-6.455815,1027,20875.498
4525_55,53.321458,-6.4557247,1028,20884.058
4525_55,53.3216235,-6.4554557,1029,20909.76
4525_55,53.3219167,-6.4548306,1030,20962.676
4525_55,53.3219877,-6.4546402,1031,20977.623
4525_55,53.3220169,-6.4544364,1032,20991.588
4525_55,53.3222357899601,-6.4538962427415,1033,21035.052
4525_55,53.322312513873,-6.453706835674,1034,21050.291
4525_55,53.3223822,-6.4535352,1035,21064.11
4525_55,53.3224982,-6.453256,1036,21086.755
4525_55,53.32285,-6.4524086,1037,21155.47
4525_55,53.3232345,-6.4514645,1038,21231.556
4525_55,53.3233588,-6.4511687,1039,21255.637
4525_55,53.3234396,-6.4509763,1040,21271.298
4525_55,53.3236472,-6.4504686,1041,21312.266
4525_55,53.3237663,-6.450177,1042,21335.787
4525_55,53.3238785,-6.4499249,1043,21356.719
4525_55,53.3241188,-6.4494904,1044,21396.134
4525_55,53.3241526,-6.4494307,1045,21401.609
4525_55,53.3243463,-6.4490881,1046,21433.008
4525_55,53.324396,-6.4490478,1047,21439.156
4525_55,53.3244649,-6.4489754,1048,21448.216
4525_55,53.324521,-6.4489352,1049,21455.01
4525_55,53.3245687,-6.4489101,1050,21460.576
4525_55,53.3246283,-6.4489162,1051,21467.221
4525_55,53.3246858,-6.4488892,1052,21473.869
4525_55,53.3247347,-6.4488319,1053,21480.517
4525_55,53.3247696,-6.4487509,1054,21487.167
4525_55,53.3247861,-6.4486627,1055,21493.324
4525_55,53.3247856,-6.4485702,1056,21499.488
4525_55,53.3247684,-6.4484823,1057,21505.65
4525_55,53.3247361,-6.448408,1058,21511.768
4525_55,53.3246919,-6.4483534,1059,21517.887
4525_55,53.324636,-6.4481768,1060,21531.198
4525_55,53.3245655,-6.447954,1061,21547.99
4525_55,53.3245496,-6.4468413,1062,21622.156
4525_55,53.3245231,-6.4463199,1063,21657.024
4525_55,53.3244789,-6.4459913,1064,21679.466
4525_55,53.3244451,-6.4457411,1065,21696.557
4525_55,53.3244175,-6.4455764,1066,21707.954
4525_55,53.324329,-6.445082,1067,21742.339
4525_55,53.3241663,-6.4441791,1068,21805.17
4525_55,53.3240944,-6.4436517,1069,21841.213
4525_55,53.3240458,-6.4430501,1070,21881.664
4525_55,53.3240437,-6.4425511,1071,21914.916
4525_55,53.3240797,-6.4419536,1072,21954.932
4525_55,53.3240922,-6.4417441,1073,21968.962
4525_55,53.324198,-6.4407886,1074,22033.712
4525_55,53.324352,-6.4396851,1075,22109.215
4525_55,53.3244469,-6.4393712,1076,22132.647
4525_55,53.3244837,-6.4393464,1077,22137.063
4525_55,53.3245608,-6.439335,1078,22145.678
4525_55,53.3247257,-6.4393414,1079,22164.035
4525_55,53.3248462,-6.4393912,1080,22177.85
4525_55,53.3250209008592,-6.43946321297565,1081,22197.876
4525_55,53.325100893908,-6.4394961425429,1082,22207.046
4525_55,53.3251611,-6.4395207,1083,22213.943
4525_55,53.32547,-6.439596,1084,22248.686
4525_55,53.3257763,-6.4396287,1085,22282.845
4525_55,53.32622,-6.439617,1086,22332.232
4525_55,53.3264522,-6.4395859,1087,22358.157
4525_55,53.3266729387133,-6.43952273715958,1088,22383.082
4525_55,53.3268167,-6.4394815,1089,22399.316
4525_55,53.326913927974,-6.43944516768645,1090,22410.404
4525_55,53.3271409,-6.4393602,1091,22436.291
4525_55,53.3272162,-6.4393321,1092,22444.878
4525_55,53.3273669,-6.4392708,1093,22462.14
4525_55,53.3275636,-6.4392033,1094,22484.489
4525_55,53.3278486,-6.4391128,1095,22516.776
4525_55,53.3280307,-6.4391398,1096,22537.122
4525_55,53.3281517,-6.43924,1097,22552.152
4525_55,53.3281888,-6.4392967,1098,22557.749
4525_55,53.3282353,-6.4394332,1099,22568.213
4525_55,53.3282692,-6.4395949,1100,22579.629
4525_55,53.3282892,-6.4399208,1101,22601.457
4525_55,53.3284679,-6.4440374,1102,22876.462
4525_55,53.3284782,-6.4442007,1103,22887.402
4525_55,53.3285681,-6.4461342,1104,23016.617
4525_55,53.3286104,-6.4469155,1105,23068.886
4525_55,53.328628,-6.4473216,1106,23096.015
4525_55,53.3286375,-6.4476298,1107,23116.577
4525_55,53.3286369,-6.4477344,1108,23123.547
4525_55,53.3286365,-6.4477969,1109,23127.711
4525_55,53.3286209,-6.4480031,1110,23141.559
4525_55,53.3285648,-6.4480855,1111,23149.874
4525_55,53.3285351,-6.4481655,1112,23156.145
4525_55,53.3285204,-6.4482387,1113,23161.29
4525_55,53.328515,-6.4483154,1114,23166.435
4525_55,53.3285241,-6.4484265,1115,23173.907
4525_55,53.3285522,-6.4485266,1116,23181.273
4525_55,53.3285965,-6.4486085,1117,23188.627
4525_55,53.328653,-6.4486649,1118,23195.953
4525_55,53.3287172,-6.448691,1119,23203.307
4525_55,53.3287829,-6.4486847,1120,23210.631
4525_55,53.3288445,-6.4486464,1121,23217.946
4525_55,53.3288968,-6.4485796,1122,23225.273
4525_55,53.3289351,-6.4484902,1123,23232.598
4525_55,53.3290527,-6.4484369,1124,23246.159
4525_55,53.3292019,-6.4484275,1125,23262.776
4525_55,53.3292936,-6.4484511,1126,23273.102
4525_55,53.3293602,-6.4484932,1127,23281.027
4525_55,53.3294466,-6.4485723,1128,23291.992
4525_55,53.3295853,-6.4488567,1129,23316.433
4525_55,53.3298032,-6.4494397,1130,23362.225
4525_55,53.3298184,-6.4494805,1131,23365.427
4525_55,53.3298932,-6.4498139,1132,23389.149
4525_55,53.329961,-6.4500735,1133,23408.019
4525_55,53.3299674,-6.4501071,1134,23410.369
4525_55,53.3299844,-6.450202,1135,23416.968
4525_55,53.3300056,-6.450309,1136,23424.478
4525_55,53.3300338,-6.4504621,1137,23435.15
4525_55,53.3300556,-6.4505633,1138,23442.316
4525_55,53.3300903,-6.4507115,1139,23452.918
4525_55,53.3301195695892,-6.4508100731429,1140,23460.249